column,role,type,original_htru2_position,kaggle_name,description
mean_integrated_profile,feature,numeric,1,Mean_Integrated,Média do perfil integrado do pulso
std_integrated_profile,feature,numeric,2,SD,Desvio-padrão do perfil integrado do pulso
excess_kurtosis_integrated_profile,feature,numeric,3,EK,Excesso de curtose do perfil integrado do pulso
skewness_integrated_profile,feature,numeric,4,Skewness,Assimetria do perfil integrado do pulso
mean_dm_snr_curve,feature,numeric,5,Mean_DMSNR_Curve,Média da curva DM–SNR
std_dm_snr_curve,feature,numeric,6,SD_DMSNR_Curve,Desvio-padrão da curva DM–SNR
excess_kurtosis_dm_snr_curve,feature,numeric,7,EK_DMSNR_Curve,Excesso de curtose da curva DM–SNR
skewness_dm_snr_curve,feature,numeric,8,Skewness_DMSNR_Curve,Assimetria da curva DM–SNR
is_pulsar,target,binary,9,Class,1 para pulsar real e 0 para interferência ou ruído
